“surname”, “city”, “gender”, “name”, “address”
“Doe”, ”London”, ”male”, “”, “”
“Doe”, “”, “”, “John”, ”Street 123”
“Doe”, “”, “”, “Jane”, ”Street 999”
“surname”, “city”, “gender”, “name”, “address”
“Doe”, ”London”, ”male”, “”, “”
“Doe”, “”, “”, “John”, ”Street 123”
“Doe”, “”, “”, “Jane”, ”Street 999”
“surname”, “city”, “gender”, “name”, “soc_security_num”, “address”
“Doe”, ”London”, ”male”, “”, “”, “”
“Doe”, “”, “”, “Jane”, “555-111-222-000”, “”
“Doe”, “”, “”, “John”, “”, ”Street 123”
“Doe”, “”, “”, “Jane”, “”, ”Street 999”
“surname”, “city”, “gender”, “name”, “soc_security_num”, “address”
“Doe”, ”London”, ”male”, “”, “”, “”
“Doe”, “”, “”, “Jane”, “555-111-222-000”, “”
“Doe”, “”, “”, “John”, “”, ”Street 123”
“Doe”, “”, “”, “Jane”, “”, ”Street 999”
“surname”, “city”, “gender”, “name”, “soc_security_num”
“Doe”, ”London”, ”male”, “”, “”
“Doe”, “”, “”, “Jane”, “555-111-222-000”
“name”, “surname”, “soc_security_num”, “city”, “gender”, “address”
“Jane”, “Doe”, “555-111-222-000”, “”, “”, “”
“”, “Doe”, “”, ”London”, ”male”, “”
“John”, “Doe”, “”, “”, “”, ”Street 123”
“Jane”, “Doe”, “”, “”, “”, ”Street 999”
“name”, “surname”, “soc_security_num”, “city”, “gender”, “address”
“name”, “surname”, “soc_security_num”, “city”, “gender”, “address”
“Jane”, “Doe”, “555-111-222-000”, “”, “”, “”
“”, “Doe”, “”, ”London”, ”male”, “”
“John”, “Doe”, “”, “”, “”, ”Street 123”
“Jane”, “Doe”, “”, “”, “”, ”Street 999”
“name”, “surname”, “soc_security_num”, “city”, “gender”, “address”
“Jane”, “Doe”, “555-111-222-000”, “”, “”, “”
“”, “Doe”, “”, ”London”, ”male”, “”
“John”, “Doe”, “”, “”, “”, ”Street 123”
“Jane”, “Doe”, “”, “”, “”, ”Street 999”
“name”, “surname”, “soc_security_num”, “city”, “gender”, “address”
“Jane”, “Doe”, “555-111-222-000”, “”, “”, “”
“”, “Doe”, “”, ”London”, ”male”, “”
“John”, “Doe”, “”, “”, “”, ”Street 123”
“Jane”, “Doe”, “”, “”, “”, ”Street 999”
“name”, “surname”, “soc_security_num”, “city”, “gender”, “address”
“Jane”, “Doe”, “555-111-222-000”, “”, “”, “”
“”, “Doe”, “”, ”London”, ”male”, “”
“John”, “Doe”, “”, “”, “”, ”Street 123”
“Jane”, “Doe”, “”, “”, “”, ”Street 999”
“name”, “surname”, “soc_security_num”, “city”, “gender”, “address”
“Jane”, “Doe”, “555-111-222-000”, “”, “”, “”
“”, “Doe”, “”, ”London”, ”male”, “”
“John”, “Doe”, “”, “”, “”, ”Street 123”
“Jane”, “Doe”, “”, “”, “”, ”Street 999”
“Jane”, “Doe”, “”, “”, “”, ”Street 999”
“Jane”, “Doe”, “”, “”, “”, ”Street 999”
“Jane”, “Doe”, “”, “”, “”, ”Street 999”
“Jane”, “Doe”, “”, “”, “”, ”Street 999”
“Jane”, “Doe”, “”, “”, “”, ”Street 999”
